{
    "name": "root",
    "gauges": {
        "AgentVer5.Policy.Entropy.mean": {
            "value": 2.0194430351257324,
            "min": 2.0194430351257324,
            "max": 2.4184799194335938,
            "count": 10
        },
        "AgentVer5.Policy.Entropy.sum": {
            "value": 100941.859375,
            "min": 100941.859375,
            "max": 120974.7890625,
            "count": 10
        },
        "AgentVer5.Step.mean": {
            "value": 499997.0,
            "min": 49991.0,
            "max": 499997.0,
            "count": 10
        },
        "AgentVer5.Step.sum": {
            "value": 499997.0,
            "min": 49991.0,
            "max": 499997.0,
            "count": 10
        },
        "AgentVer5.Policy.ExtrinsicValueEstimate.mean": {
            "value": 0.5327804088592529,
            "min": 0.23221974074840546,
            "max": 0.6775380373001099,
            "count": 10
        },
        "AgentVer5.Policy.ExtrinsicValueEstimate.sum": {
            "value": 866.3009033203125,
            "min": 310.9422302246094,
            "max": 1075.930419921875,
            "count": 10
        },
        "AgentVer5.Environment.EpisodeLength.mean": {
            "value": 32.84224779959377,
            "min": 32.84224779959377,
            "max": 48.597815292949356,
            "count": 10
        },
        "AgentVer5.Environment.EpisodeLength.sum": {
            "value": 48508.0,
            "min": 48508.0,
            "max": 48977.0,
            "count": 10
        },
        "AgentVer5.Environment.CumulativeReward.mean": {
            "value": 0.5758334448108338,
            "min": -0.16838327345913023,
            "max": 0.738096046837539,
            "count": 10
        },
        "AgentVer5.Environment.CumulativeReward.sum": {
            "value": 850.5059979856014,
            "min": -173.09800511598587,
            "max": 1083.5249967575073,
            "count": 10
        },
        "AgentVer5.Policy.ExtrinsicReward.mean": {
            "value": 0.5758334448108338,
            "min": -0.16838327345913023,
            "max": 0.738096046837539,
            "count": 10
        },
        "AgentVer5.Policy.ExtrinsicReward.sum": {
            "value": 850.5059979856014,
            "min": -173.09800511598587,
            "max": 1083.5249967575073,
            "count": 10
        },
        "AgentVer5.Losses.PolicyLoss.mean": {
            "value": 0.02516234725480899,
            "min": 0.022076392631667354,
            "max": 0.02705968524290559,
            "count": 10
        },
        "AgentVer5.Losses.PolicyLoss.sum": {
            "value": 0.12581173627404496,
            "min": 0.10019241797272116,
            "max": 0.13200490529028078,
            "count": 10
        },
        "AgentVer5.Losses.ValueLoss.mean": {
            "value": 0.0781186367571354,
            "min": 0.041216126307845116,
            "max": 0.3794857489566008,
            "count": 10
        },
        "AgentVer5.Losses.ValueLoss.sum": {
            "value": 0.390593183785677,
            "min": 0.20608063153922557,
            "max": 1.5179429958264032,
            "count": 10
        },
        "AgentVer5.Policy.LearningRate.mean": {
            "value": 1.6736854421079993e-05,
            "min": 1.6736854421079993e-05,
            "max": 0.0002846100051299999,
            "count": 10
        },
        "AgentVer5.Policy.LearningRate.sum": {
            "value": 8.368427210539997e-05,
            "min": 8.368427210539997e-05,
            "max": 0.0012843096718967999,
            "count": 10
        },
        "AgentVer5.Policy.Epsilon.mean": {
            "value": 0.10557891999999999,
            "min": 0.10557891999999999,
            "max": 0.19487000000000007,
            "count": 10
        },
        "AgentVer5.Policy.Epsilon.sum": {
            "value": 0.5278946,
            "min": 0.5002668,
            "max": 0.9281031999999998,
            "count": 10
        },
        "AgentVer5.Policy.Beta.mean": {
            "value": 0.000288388108,
            "min": 0.000288388108,
            "max": 0.004744013,
            "count": 10
        },
        "AgentVer5.Policy.Beta.sum": {
            "value": 0.0014419405399999999,
            "min": 0.0014419405399999999,
            "max": 0.021412349680000005,
            "count": 10
        },
        "AgentVer5.IsTraining.mean": {
            "value": 1.0,
            "min": 1.0,
            "max": 1.0,
            "count": 10
        },
        "AgentVer5.IsTraining.sum": {
            "value": 1.0,
            "min": 1.0,
            "max": 1.0,
            "count": 10
        }
    },
    "metadata": {
        "timer_format_version": "0.1.0",
        "start_time_seconds": "1744219548",
        "python_version": "3.10.11 (tags/v3.10.11:7d4cc5a, Apr  5 2023, 00:38:17) [MSC v.1929 64 bit (AMD64)]",
        "command_line_arguments": "C:\\Users\\Buro\\DATN_MLAgentWithOpenAiGym\\venv\\Scripts\\mlagents-learn --run-id=agent_ver_6 --time-scale=2",
        "mlagents_version": "1.1.0",
        "mlagents_envs_version": "1.1.0",
        "communication_protocol_version": "1.5.0",
        "pytorch_version": "2.6.0+cpu",
        "numpy_version": "1.23.5",
        "end_time_seconds": "1744253958"
    },
    "total": 34409.62536949999,
    "count": 1,
    "self": 0.13818779999564867,
    "children": {
        "run_training.setup": {
            "total": 0.02665930001239758,
            "count": 1,
            "self": 0.02665930001239758
        },
        "TrainerController.start_learning": {
            "total": 34409.46052239998,
            "count": 1,
            "self": 13.284507495263824,
            "children": {
                "TrainerController._reset_env": {
                    "total": 7.622324599986314,
                    "count": 1,
                    "self": 7.622324599986314
                },
                "TrainerController.advance": {
                    "total": 34388.455230404725,
                    "count": 511333,
                    "self": 11.764753711802769,
                    "children": {
                        "env_step": {
                            "total": 34206.56601319749,
                            "count": 511333,
                            "self": 33237.82945589787,
                            "children": {
                                "SubprocessEnvManager._take_step": {
                                    "total": 959.4271614020399,
                                    "count": 511334,
                                    "self": 31.649889290725696,
                                    "children": {
                                        "TorchPolicy.evaluate": {
                                            "total": 927.7772721113142,
                                            "count": 500037,
                                            "self": 927.7772721113142
                                        }
                                    }
                                },
                                "workers": {
                                    "total": 9.309395897580544,
                                    "count": 511333,
                                    "self": 0.0,
                                    "children": {
                                        "worker_root": {
                                            "total": 34355.55641290662,
                                            "count": 511333,
                                            "is_parallel": true,
                                            "self": 1742.9790341061453,
                                            "children": {
                                                "steps_from_proto": {
                                                    "total": 0.0014087000163272023,
                                                    "count": 2,
                                                    "is_parallel": true,