{
    "name": "root",
    "gauges": {
        "AgentMap2.Policy.Entropy.mean": {
            "value": 2.708076000213623,
            "min": 2.630352258682251,
            "max": 2.783168315887451,
            "count": 10
        },
        "AgentMap2.Policy.Entropy.sum": {
            "value": 135411.921875,
            "min": 131409.765625,
            "max": 139175.109375,
            "count": 10
        },
        "AgentMap2.Step.mean": {
            "value": 499980.0,
            "min": 49965.0,
            "max": 499980.0,
            "count": 10
        },
        "AgentMap2.Step.sum": {
            "value": 499980.0,
            "min": 49965.0,
            "max": 499980.0,
            "count": 10
        },
        "AgentMap2.Policy.ExtrinsicValueEstimate.mean": {
            "value": -0.14574016630649567,
            "min": -0.158638596534729,
            "max": 0.5345394611358643,
            "count": 10
        },
        "AgentMap2.Policy.ExtrinsicValueEstimate.sum": {
            "value": -116.0091781616211,
            "min": -128.338623046875,
            "max": 436.71875,
            "count": 10
        },
        "AgentMap2.Environment.EpisodeLength.mean": {
            "value": 2073.36,
            "min": 631.9873417721519,
            "max": 4237.083333333333,
            "count": 10
        },
        "AgentMap2.Environment.EpisodeLength.sum": {
            "value": 51834.0,
            "min": 45421.0,
            "max": 51834.0,
            "count": 10
        },
        "AgentMap2.Environment.CumulativeReward.mean": {
            "value": -1.714200093448162,
            "min": -4.154666868892188,
            "max": -0.945166691349676,
            "count": 10
        },
        "AgentMap2.Environment.CumulativeReward.sum": {
            "value": -42.85500233620405,
            "min": -111.9710019826889,
            "max": -40.29300221055746,
            "count": 10
        },
        "AgentMap2.Policy.ExtrinsicReward.mean": {
            "value": -1.714200093448162,
            "min": -4.154666868892188,
            "max": -0.945166691349676,
            "count": 10
        },
        "AgentMap2.Policy.ExtrinsicReward.sum": {
            "value": -42.85500233620405,
            "min": -111.9710019826889,
            "max": -40.29300221055746,
            "count": 10
        },
        "AgentMap2.Losses.PolicyLoss.mean": {
            "value": 0.02650580870763709,
            "min": 0.022172976634465155,
            "max": 0.02650580870763709,
            "count": 10
        },
        "AgentMap2.Losses.PolicyLoss.sum": {
            "value": 0.13252904353818545,
            "min": 0.09557465008304764,
            "max": 0.13252904353818545,
            "count": 10
        },
        "AgentMap2.Losses.ValueLoss.mean": {
            "value": 0.00653705078836841,
            "min": 0.0023283285174208385,
            "max": 0.7055013339966536,
            "count": 10
        },
        "AgentMap2.Losses.ValueLoss.sum": {
            "value": 0.032685253941842046,
            "min": 0.011641642587104192,
            "max": 2.8220053359866144,
            "count": 10
        },
        "AgentMap2.Policy.LearningRate.mean": {
            "value": 1.6625974458039997e-05,
            "min": 1.6625974458039997e-05,
            "max": 0.0002846112051296,
            "count": 10
        },
        "AgentMap2.Policy.LearningRate.sum": {
            "value": 8.312987229019999e-05,
            "min": 8.312987229019999e-05,
            "max": 0.0012844116718628003,
            "count": 10
        },
        "AgentMap2.Policy.Epsilon.mean": {
            "value": 0.10554196000000002,
            "min": 0.10554196000000002,
            "max": 0.19487040000000003,
            "count": 10
        },
        "AgentMap2.Policy.Epsilon.sum": {
            "value": 0.5277098000000001,
            "min": 0.5001842000000001,
            "max": 0.9281372000000001,
            "count": 10
        },
        "AgentMap2.Policy.Beta.mean": {
            "value": 0.000286543804,
            "min": 0.000286543804,
            "max": 0.004744032959999999,
            "count": 10
        },
        "AgentMap2.Policy.Beta.sum": {
            "value": 0.00143271902,
            "min": 0.00143271902,
            "max": 0.02141404628,
            "count": 10
        },
        "AgentMap2.IsTraining.mean": {
            "value": 1.0,
            "min": 1.0,
            "max": 1.0,
            "count": 10
        },
        "AgentMap2.IsTraining.sum": {
            "value": 1.0,
            "min": 1.0,
            "max": 1.0,
            "count": 10
        }
    },
    "metadata": {
        "timer_format_version": "0.1.0",
        "start_time_seconds": "1744476431",
        "python_version": "3.10.11 (tags/v3.10.11:7d4cc5a, Apr  5 2023, 00:38:17) [MSC v.1929 64 bit (AMD64)]",
        "command_line_arguments": "C:\\Users\\Buro\\DATN_MLAgentWithOpenAiGym\\venv\\Scripts\\mlagents-learn --run-id=agent_map2 --time-scale=2",
        "mlagents_version": "1.1.0",
        "mlagents_envs_version": "1.1.0",
        "communication_protocol_version": "1.5.0",
        "pytorch_version": "2.6.0+cpu",
        "numpy_version": "1.23.5",
        "end_time_seconds": "1744489725"
    },
    "total": 13294.783383999951,
    "count": 1,
    "self": 0.017593199911061674,
    "children": {
        "run_training.setup": {
            "total": 0.07170460000634193,
            "count": 1,
            "self": 0.07170460000634193
        },
        "TrainerController.start_learning": {
            "total": 13294.694086200034,
            "count": 1,
            "self": 13.295101895811968,
            "children": {
                "TrainerController._reset_env": {
                    "total": 9.256407200009562,
                    "count": 1,
                    "self": 9.256407200009562
                },
                "TrainerController.advance": {
                    "total": 13272.023093004187,
                    "count": 500044,
                    "self": 11.940332215395756,
                    "children": {
                        "env_step": {
                            "total": 13102.559042089735,
                            "count": 500044,
                            "self": 12099.901541201398,
                            "children": {
                                "SubprocessEnvManager._take_step": {
                                    "total": 993.5699782848242,
                                    "count": 500044,
                                    "self": 32.87541580863763,
                                    "children": {
                                        "TorchPolicy.evaluate": {
                                            "total": 960.6945624761865,
                                            "count": 500044,
                                            "self": 960.6945624761865
                                        }
                                    }
                                },
                                "workers": {
                                    "total": 9.087522603513207,
                                    "count": 500044,
                                    "self": 0.0,
                                    "children": {
                                        "worker_root": {
                                            "total": 13271.16195420397,
                                            "count": 500044,
                                            "is_parallel": true,
                                            "self": 1767.89041056938,
                                            "children": {
                                                "steps_from_proto": {
                                                    "total": 0.00039409997407346964,
                                                    "count": 1,
                                                    "is_parallel": true,