{
    "name": "root",
    "gauges": {
        "AgentMap3.Policy.Entropy.mean": {
            "value": 2.4350433349609375,
            "min": 2.4350433349609375,
            "max": 2.741269111633301,
            "count": 5
        },
        "AgentMap3.Policy.Entropy.sum": {
            "value": 121715.640625,
            "min": 121715.640625,
            "max": 137110.0625,
            "count": 5
        },
        "AgentMap3.Environment.EpisodeLength.mean": {
            "value": 34.052594670406734,
            "min": 22.783642415596766,
            "max": 34.052594670406734,
            "count": 5
        },
        "AgentMap3.Environment.EpisodeLength.sum": {
            "value": 48559.0,
            "min": 47914.0,
            "max": 48559.0,
            "count": 5
        },
        "AgentMap3.Step.mean": {
            "value": 249972.0,
            "min": 49996.0,
            "max": 249972.0,
            "count": 5
        },
        "AgentMap3.Step.sum": {
            "value": 249972.0,
            "min": 49996.0,
            "max": 249972.0,
            "count": 5
        },
        "AgentMap3.Policy.ExtrinsicValueEstimate.mean": {
            "value": 0.2039298266172409,
            "min": -2.7360336780548096,
            "max": 0.2039298266172409,
            "count": 5
        },
        "AgentMap3.Policy.ExtrinsicValueEstimate.sum": {
            "value": 323.02484130859375,
            "min": -5852.3759765625,
            "max": 323.02484130859375,
            "count": 5
        },
        "AgentMap3.Environment.CumulativeReward.mean": {
            "value": 0.32655329569693536,
            "min": -0.9902816283402275,
            "max": 0.32655329569693536,
            "count": 5
        },
        "AgentMap3.Environment.CumulativeReward.sum": {
            "value": 465.6649996638298,
            "min": -2081.571982771158,
            "max": 465.6649996638298,
            "count": 5
        },
        "AgentMap3.Policy.ExtrinsicReward.mean": {
            "value": 0.32655329569693536,
            "min": -0.9902816283402275,
            "max": 0.32655329569693536,
            "count": 5
        },
        "AgentMap3.Policy.ExtrinsicReward.sum": {
            "value": 465.6649996638298,
            "min": -2081.571982771158,
            "max": 465.6649996638298,
            "count": 5
        },
        "AgentMap3.Losses.PolicyLoss.mean": {
            "value": 0.02377424943105628,
            "min": 0.022627661992640546,
            "max": 0.02573390231157343,
            "count": 5
        },
        "AgentMap3.Losses.PolicyLoss.sum": {
            "value": 0.11887124715528141,
            "min": 0.09810077634174377,
            "max": 0.12866951155786716,
            "count": 5
        },
        "AgentMap3.Losses.ValueLoss.mean": {
            "value": 0.16788789163033166,
            "min": 0.1391190523902575,
            "max": 1.877786205150187,
            "count": 5
        },
        "AgentMap3.Losses.ValueLoss.sum": {
            "value": 0.8394394581516583,
            "min": 0.6955952619512875,
            "max": 7.511144820600748,
            "count": 5
        },
        "AgentMap3.Policy.LearningRate.mean": {
            "value": 0.00016452460515848,
            "min": 0.00016452460515848,
            "max": 0.00028461435512855,
            "count": 5
        },
        "AgentMap3.Policy.LearningRate.sum": {
            "value": 0.0008226230257924,
            "min": 0.0008226230257924,
            "max": 0.0012845346718218,
            "count": 5
        },
        "AgentMap3.Policy.Epsilon.mean": {
            "value": 0.15484152,
            "min": 0.15484152,
            "max": 0.19487145000000006,
            "count": 5
        },
        "AgentMap3.Policy.Epsilon.sum": {
            "value": 0.7742076,
            "min": 0.7742076,
            "max": 0.9281782000000001,
            "count": 5
        },
        "AgentMap3.Policy.Beta.mean": {
            "value": 0.0027465918480000006,
            "min": 0.0027465918480000006,
            "max": 0.004744085355,
            "count": 5
        },
        "AgentMap3.Policy.Beta.sum": {
            "value": 0.013732959240000002,
            "min": 0.013732959240000002,
            "max": 0.021416092179999995,
            "count": 5
        },
        "AgentMap3.IsTraining.mean": {
            "value": 1.0,
            "min": 1.0,
            "max": 1.0,
            "count": 5
        },
        "AgentMap3.IsTraining.sum": {
            "value": 1.0,
            "min": 1.0,
            "max": 1.0,
            "count": 5
        }
    },
    "metadata": {
        "timer_format_version": "0.1.0",
        "start_time_seconds": "1744565232",
        "python_version": "3.10.11 (tags/v3.10.11:7d4cc5a, Apr  5 2023, 00:38:17) [MSC v.1929 64 bit (AMD64)]",
        "command_line_arguments": "C:\\Users\\Buro\\DATN_MLAgentWithOpenAiGym\\venv\\Scripts\\mlagents-learn --run-id=agent_map_3 --train --time-scale=1 --force",
        "mlagents_version": "1.1.0",
        "mlagents_envs_version": "1.1.0",
        "communication_protocol_version": "1.5.0",
        "pytorch_version": "2.6.0+cpu",
        "numpy_version": "1.23.5",
        "end_time_seconds": "1744599912"
    },
    "total": 34679.97150079999,
    "count": 1,
    "self": 10.008164899947587,
    "children": {
        "run_training.setup": {
            "total": 0.025048500043340027,
            "count": 1,
            "self": 0.025048500043340027
        },
        "TrainerController.start_learning": {
            "total": 34669.9382874,
            "count": 1,
            "self": 8.220804596145172,
            "children": {
                "TrainerController._reset_env": {
                    "total": 11.387834399996791,
                    "count": 1,
                    "self": 11.387834399996791
                },
                "TrainerController.advance": {
                    "total": 34649.86939190386,
                    "count": 303181,
                    "self": 7.804370180645492,
                    "children": {
                        "env_step": {
                            "total": 34534.31698939006,
                            "count": 303181,
                            "self": 33916.88135987986,
                            "children": {
                                "SubprocessEnvManager._take_step": {
                                    "total": 611.5680969130481,
                                    "count": 303183,
                                    "self": 20.267756700108293,
                                    "children": {
                                        "TorchPolicy.evaluate": {
                                            "total": 591.3003402129398,
                                            "count": 295173,
                                            "self": 591.3003402129398
                                        }
                                    }
                                },
                                "workers": {
                                    "total": 5.8675325971562415,
                                    "count": 303180,
                                    "self": 0.0,
                                    "children": {
                                        "worker_root": {
                                            "total": 34583.825728491705,
                                            "count": 303180,
                                            "is_parallel": true,
                                            "self": 1112.8014568897197,
                                            "children": {
                                                "steps_from_proto": {
                                                    "total": 0.0011977000394836068,
                                                    "count": 3,
                                                    "is_parallel": true,