{
    "name": "root",
    "metadata": {
        "timer_format_version": "0.1.0",
        "start_time_seconds": "1743685808",
        "python_version": "3.10.11 (tags/v3.10.11:7d4cc5a, Apr  5 2023, 00:38:17) [MSC v.1929 64 bit (AMD64)]",
        "command_line_arguments": "C:\\Users\\Buro\\DATN_MLAgentWithOpenAiGym\\venv\\Scripts\\mlagents-learn --run-id=agent_ver_3 --force --time-scale=1",
        "mlagents_version": "1.1.0",
        "mlagents_envs_version": "1.1.0",
        "communication_protocol_version": "1.5.0",
        "pytorch_version": "2.6.0+cpu",
        "numpy_version": "1.23.5",
        "end_time_seconds": "1743685927"
    },
    "total": 118.62143410000135,
    "count": 1,
    "self": 0.009052399982465431,
    "children": {
        "run_training.setup": {
            "total": 0.08343779999995604,
            "count": 1,
            "self": 0.08343779999995604
        },
        "TrainerController.start_learning": {
            "total": 118.52894390001893,
            "count": 1,
            "self": 0.011739300040062517,
            "children": {
                "TrainerController._reset_env": {
                    "total": 8.880871300003491,
                    "count": 1,
                    "self": 8.880871300003491
                },
                "TrainerController.advance": {
                    "total": 109.20385979997809,
                    "count": 371,
                    "self": 0.011051100125769153,
                    "children": {
                        "env_step": {
                            "total": 109.1409229998535,
                            "count": 371,
                            "self": 108.18675619963324,
                            "children": {
                                "SubprocessEnvManager._take_step": {
                                    "total": 0.9463753000891302,
                                    "count": 371,
                                    "self": 0.030490000499412417,
                                    "children": {
                                        "TorchPolicy.evaluate": {
                                            "total": 0.9158852995897178,
                                            "count": 371,
                                            "self": 0.9158852995897178
                                        }
                                    }
                                },
                                "workers": {
                                    "total": 0.007791500131133944,
                                    "count": 370,
                                    "self": 0.0,
                                    "children": {
                                        "worker_root": {
                                            "total": 47.80338169992319,
                                            "count": 370,
                                            "is_parallel": true,
                                            "self": 4.326608899689745,
                                            "children": {
                                                "steps_from_proto": {
                                                    "total": 0.004233300016494468,
                                                    "count": 1,
                                                    "is_parallel": true,
                                                    "self": 0.000816100015072152,
                                                    "children": {
                                                        "_process_rank_one_or_two_observation": {
                                                            "total": 0.003417200001422316,
                                                            "count": 2,
                                                            "is_parallel": true,
                                                            "self": 0.003417200001422316
                                                        }
                                                    }
                                                },
                                                "UnityEnvironment.step": {
                                                    "total": 43.47253950021695,
                                                    "count": 370,
                                                    "is_parallel": true,
                                                    "self": 0.046110200753901154,
                                                    "children": {
                                                        "UnityEnvironment._generate_step_input": {
                                                            "total": 0.04164249970926903,
                                                            "count": 370,
                                                            "is_parallel": true,
                                                            "self": 0.04164249970926903
                                                        },
                                                        "communicator.exchange": {
                                                            "total": 43.246025500033284,
                                                            "count": 370,
                                                            "is_parallel": true,
                                                            "self": 43.246025500033284
                                                        },
                                                        "steps_from_proto": {
                                                            "total": 0.13876129972049966,
                                                            "count": 370,
                                                            "is_parallel": true,
                                                            "self": 0.08714689998305403,
                                                            "children": {
                                                                "_process_rank_one_or_two_observation": {
                                                                    "total": 0.05161439973744564,
                                                                    "count": 740,
                                                                    "is_parallel": true,
                                                                    "self": 0.05161439973744564
                                                                }
                                                            }
                                                        }
                                                    }
                                                }
                                            }
                                        }
                                    }
                                }
                            }
                        },
                        "trainer_advance": {
                            "total": 0.0518856999988202,
                            "count": 370,
                            "self": 0.012983599794097245,
                            "children": {
                                "process_trajectory": {
                                    "total": 0.038902100204722956,
                                    "count": 370,
                                    "self": 0.038902100204722956
                                }
                            }
                        }
                    }
                },
                "TrainerController._save_models": {
                    "total": 0.4324734999972861,
                    "count": 1,
                    "self": 0.022284299979219213,
                    "children": {
                        "RLTrainer._checkpoint": {
                            "total": 0.4101892000180669,
                            "count": 1,