{
    "name": "root",
    "metadata": {
        "timer_format_version": "0.1.0",
        "start_time_seconds": "1745737356",
        "python_version": "3.10.11 (tags/v3.10.11:7d4cc5a, Apr  5 2023, 00:38:17) [MSC v.1929 64 bit (AMD64)]",
        "command_line_arguments": "C:\\Users\\Buro\\DATN_MLAgentWithOpenAiGym\\venv\\Scripts\\mlagents-learn --run-id=agent_demo_1 --time-scale=1",
        "mlagents_version": "1.1.0",
        "mlagents_envs_version": "1.1.0",
        "communication_protocol_version": "1.5.0",
        "pytorch_version": "2.6.0+cpu",
        "numpy_version": "1.23.5",
        "end_time_seconds": "1745737414"
    },
    "total": 58.6489264999982,
    "count": 1,
    "self": 0.013911400106735528,
    "children": {
        "run_training.setup": {
            "total": 0.0427222999278456,
            "count": 1,
            "self": 0.0427222999278456
        },
        "TrainerController.start_learning": {
            "total": 58.592292799963616,
            "count": 1,
            "self": 0.014821100048720837,
            "children": {
                "TrainerController._reset_env": {
                    "total": 10.114732900052331,
                    "count": 1,
                    "self": 10.114732900052331
                },
                "TrainerController.advance": {
                    "total": 48.10970159992576,
                    "count": 282,
                    "self": 0.01121099921874702,
                    "children": {
                        "env_step": {
                            "total": 48.01030899991747,
                            "count": 282,
                            "self": 46.99606629961636,
                            "children": {
                                "SubprocessEnvManager._take_step": {
                                    "total": 1.0069721002364531,
                                    "count": 282,
                                    "self": 0.040073499316349626,
                                    "children": {
                                        "TorchPolicy.evaluate": {
                                            "total": 0.9668986009201035,
                                            "count": 272,
                                            "self": 0.9668986009201035
                                        }
                                    }
                                },
                                "workers": {
                                    "total": 0.0072706000646576285,
                                    "count": 281,
                                    "self": 0.0,
                                    "children": {
                                        "worker_root": {
                                            "total": 50.636636398383416,
                                            "count": 281,
                                            "is_parallel": true,
                                            "self": 4.35192689858377,
                                            "children": {
                                                "steps_from_proto": {
                                                    "total": 0.0016678000101819634,
                                                    "count": 1,
                                                    "is_parallel": true,
                                                    "self": 0.0005626000929623842,
                                                    "children": {
                                                        "_process_rank_one_or_two_observation": {
                                                            "total": 0.0011051999172195792,
                                                            "count": 2,
                                                            "is_parallel": true,
                                                            "self": 0.0011051999172195792
                                                        }
                                                    }
                                                },
                                                "UnityEnvironment.step": {
                                                    "total": 46.283041699789464,
                                                    "count": 281,
                                                    "is_parallel": true,
                                                    "self": 0.04722770082298666,
                                                    "children": {
                                                        "UnityEnvironment._generate_step_input": {
                                                            "total": 0.04287730006035417,
                                                            "count": 281,
                                                            "is_parallel": true,
                                                            "self": 0.04287730006035417
                                                        },
                                                        "communicator.exchange": {
                                                            "total": 46.058731499360874,
                                                            "count": 281,
                                                            "is_parallel": true,
                                                            "self": 46.058731499360874
                                                        },
                                                        "steps_from_proto": {
                                                            "total": 0.13420519954524934,
                                                            "count": 281,
                                                            "is_parallel": true,
                                                            "self": 0.08440810116007924,
                                                            "children": {
                                                                "_process_rank_one_or_two_observation": {
                                                                    "total": 0.0497970983851701,
                                                                    "count": 562,
                                                                    "is_parallel": true,
                                                                    "self": 0.0497970983851701
                                                                }
                                                            }
                                                        }
                                                    }
                                                }
                                            }
                                        }
                                    }
                                }
                            }
                        },
                        "trainer_advance": {
                            "total": 0.08818160078953952,
                            "count": 281,
                            "self": 0.014367101131938398,
                            "children": {
                                "process_trajectory": {
                                    "total": 0.07381449965760112,
                                    "count": 281,
                                    "self": 0.07381449965760112
                                }
                            }
                        }
                    }
                },
                "trainer_threads": {
                    "total": 2.500019036233425e-06,
                    "count": 1,
                    "self": 2.500019036233425e-06
                },
                "TrainerController._save_models": {
                    "total": 0.3530346999177709,
                    "count": 1,
                    "self": 0.017421299940906465,