{"count":1,"self":305.39135999999996,"total":306.1050502,"children":{"InitializeActuators":{"count":2,"self":0.0019946,"total":0.0019946,"children":null},"InitializeSensors":{"count":2,"self":0.0019936999999999997,"total":0.0019936999999999997,"children":null},"AgentSendState":{"count":5298,"self":0.0204647,"total":0.041656599999999995,"children":{"CollectObservations":{"count":1060,"self":0.0106498,"total":0.0106498,"children":null},"WriteActionMask":{"count":1060,"self":0.0028637999999999997,"total":0.0028637999999999997,"children":null},"RequestDecision":{"count":1060,"self":0.0076783,"total":0.0076783,"children":null}}},"DecideAction":{"count":5298,"self":0.0397285,"total":0.0397285,"children":null},"AgentAct":{"count":5298,"self":0.62831569999999992,"total":0.62831569999999992,"children":null}},"gauges":{"AgentVer3.CumulativeReward":{"count":79,"max":0.993,"min":-1.24200034,"runningAverage":-1.00341773,"value":-1.24200034,"weightedAverage":-0.879075766}},"metadata":{"timer_format_version":"0.1.0","start_time_seconds":"1743919937","unity_version":"6000.0.32f1","command_line_arguments":"C:\\Program Files\\Unity\\Hub\\Editor\\6000.0.32f1\\Editor\\Unity.exe -projectpath C:\\Users\\Buro\\DATN_MLAGENT -useHub -hubIPC -cloudEnvironment production","communication_protocol_version":"1.5.0","com.unity.ml-agents_version":"3.0.0","scene_name":"MainMenu","end_time_seconds":"1743920243"}}