{"count":1,"self":252.5572608,"total":265.5385798,"children":{"InitializeActuators":{"count":5,"self":0.0009976,"total":0.0009976,"children":null},"InitializeSensors":{"count":5,"self":0.0010295,"total":0.0010295,"children":null},"AgentSendState":{"count":6508,"self":0.052040499999999996,"total":0.79196,"children":{"CollectObservations":{"count":1871,"self":0.4712305,"total":0.4712305,"children":null},"WriteActionMask":{"count":1871,"self":0.010271599999999999,"total":0.010271599999999999,"children":null},"RequestDecision":{"count":1871,"self":0.0479533,"total":0.25841739999999996,"children":{"AgentInfo.ToProto":{"count":213,"self":0.0064922999999999995,"total":0.2104641,"children":{"GenerateSensorData":{"count":213,"self":0.20397179999999998,"total":0.20397179999999998,"children":null}}}}}}},"DecideAction":{"count":6508,"self":11.4794472,"total":11.4794474,"children":null},"AgentAct":{"count":6508,"self":0.69673889999999994,"total":0.70689689999999994,"children":{"AgentInfo.ToProto":{"count":7,"self":0,"total":0.010158,"children":{"GenerateSensorData":{"count":7,"self":0.010158,"total":0.010158,"children":null}}}}},"AgentInfo.ToProto":{"count":2,"self":0,"total":0.00099859999999999988,"children":{"GenerateSensorData":{"count":2,"self":0.00099859999999999988,"total":0.00099859999999999988,"children":null}}}},"gauges":{"AgentVer5.CumulativeReward":{"count":40,"max":1.83800209,"min":-1.65099835,"runningAverage":0.279150218,"value":-1.1450001,"weightedAverage":0.0354864225},"AgentMap2.CumulativeReward":{"count":3,"max":0.8189998,"min":0.7939998,"runningAverage":0.8029998,"value":0.795999765,"weightedAverage":0.8085623}},"metadata":{"timer_format_version":"0.1.0","start_time_seconds":"1745738677","unity_version":"6000.0.32f1","command_line_arguments":"C:\\Program Files\\Unity\\Hub\\Editor\\6000.0.32f1\\Editor\\Unity.exe -projectpath C:\\Users\\Buro\\DATN_MLAGENT -useHub -hubIPC -cloudEnvironment production","communication_protocol_version":"1.5.0","com.unity.ml-agents_version":"3.0.0","scene_name":"Stage1","end_time_seconds":"1745738943"}}