{"count":1,"self":1357.7601024,"total":1370.4931192,"children":{"InitializeActuators":{"count":7,"self":0.0019621,"total":0.0019621,"children":null},"InitializeSensors":{"count":7,"self":0.0009969,"total":0.0009969,"children":null},"AgentSendState":{"count":19222,"self":0.080288299999999993,"total":0.7742621,"children":{"CollectObservations":{"count":4648,"self":0.6032164,"total":0.6032164,"children":null},"WriteActionMask":{"count":4648,"self":0.014415899999999999,"total":0.014415899999999999,"children":null},"RequestDecision":{"count":4648,"self":0.0561488,"total":0.076341499999999993,"children":{"AgentInfo.ToProto":{"count":336,"self":0.0037625999999999996,"total":0.020192699999999997,"children":{"GenerateSensorData":{"count":336,"self":0.0164301,"total":0.0164301,"children":null}}}}}}},"DecideAction":{"count":19222,"self":10.712101599999999,"total":10.7121014,"children":null},"AgentAct":{"count":19222,"self":1.2417156,"total":1.2437109,"children":{"AgentInfo.ToProto":{"count":26,"self":0.0009983,"total":0.0019952999999999998,"children":{"GenerateSensorData":{"count":26,"self":0.000997,"total":0.000997,"children":null}}}}}},"gauges":{"AgentVer5.CumulativeReward":{"count":83,"max":1.97200036,"min":-1.6579951,"runningAverage":0.4906871,"value":0.8219998,"weightedAverage":0.4380244},"AgentVer3.CumulativeReward":{"count":49,"max":0.969999969,"min":-1.14600015,"runningAverage":-1.02093887,"value":-1.072,"weightedAverage":-1.06266212},"AgentVer6.CumulativeReward":{"count":8,"max":0.975,"min":-1.113,"runningAverage":-0.346124977,"value":0.6820005,"weightedAverage":-0.1297573}},"metadata":{"timer_format_version":"0.1.0","start_time_seconds":"1744431385","unity_version":"6000.0.32f1","command_line_arguments":"C:\\Program Files\\Unity\\Hub\\Editor\\6000.0.32f1\\Editor\\Unity.exe -projectpath C:\\Users\\Buro\\DATN_MLAGENT -useHub -hubIPC -cloudEnvironment production","communication_protocol_version":"1.5.0","com.unity.ml-agents_version":"3.0.0","scene_name":"Stage2","end_time_seconds":"1744432756"}}