{"count":1,"self":15033.0359808,"total":18387.5994684,"children":{"InitializeActuators":{"count":1,"self":0.0019944999999999997,"total":0.0019944999999999997,"children":null},"InitializeSensors":{"count":1,"self":0.0009973,"total":0.0009973,"children":null},"AgentSendState":{"count":2500165,"self":9.3601064,"total":377.0849465,"children":{"CollectObservations":{"count":500033,"self":111.8673792,"total":111.8673826,"children":null},"WriteActionMask":{"count":500033,"self":1.2132394,"total":1.2132394,"children":null},"RequestDecision":{"count":500033,"self":5.4904592,"total":254.64421829999998,"children":{"AgentInfo.ToProto":{"count":500033,"self":5.3110012,"total":249.1537592,"children":{"GenerateSensorData":{"count":500033,"self":243.8427648,"total":243.84275799999998,"children":null}}}}}}},"DecideAction":{"count":2500165,"self":2690.8397568,"total":2690.8398327,"children":null},"AgentAct":{"count":2500165,"self":281.8880256,"total":283.561604,"children":{"AgentInfo.ToProto":{"count":2655,"self":0.0268797,"total":1.6735741,"children":{"GenerateSensorData":{"count":2655,"self":1.6466944,"total":1.6466944,"children":null}}}}},"AgentInfo.ToProto":{"count":7419,"self":0.0751066,"total":3.0721076999999997,"children":{"GenerateSensorData":{"count":7419,"self":2.9970011999999997,"total":2.9970011,"children":null}}}},"gauges":{"AgentVer5.CumulativeReward":{"count":10074,"max":1.99,"min":-2.53501558,"runningAverage":0.249538124,"value":-1.22200024,"weightedAverage":-0.130687058}},"metadata":{"timer_format_version":"0.1.0","start_time_seconds":"1744132364","unity_version":"6000.0.32f1","command_line_arguments":"C:\\Program Files\\Unity\\Hub\\Editor\\6000.0.32f1\\Editor\\Unity.exe -projectpath C:\\Users\\Buro\\DATN_MLAGENT -useHub -hubIPC -cloudEnvironment production","communication_protocol_version":"1.5.0","com.unity.ml-agents_version":"3.0.0","scene_name":"Stage1","end_time_seconds":"1744150751"}}