{"count":1,"self":32646.6732032,"total":34749.1983255,"children":{"InitializeActuators":{"count":2,"self":0.0010061,"total":0.0010061,"children":null},"InitializeSensors":{"count":2,"self":0,"total":0,"children":null},"AgentSendState":{"count":1470724,"self":6.5226032,"total":228.1627127,"children":{"CollectObservations":{"count":294146,"self":64.4994432,"total":64.4994434,"children":null},"WriteActionMask":{"count":294146,"self":0.9916685,"total":0.9916685,"children":null},"RequestDecision":{"count":294146,"self":3.7458579999999997,"total":156.1489978,"children":{"AgentInfo.ToProto":{"count":294146,"self":3.2282986,"total":152.4031397,"children":{"GenerateSensorData":{"count":294146,"self":149.1748352,"total":149.17484109999998,"children":null}}}}}}},"DecideAction":{"count":1470724,"self":1724.0520703999998,"total":1724.0521557999998,"children":null},"AgentAct":{"count":1470724,"self":145.2069376,"total":148.668185,"children":{"AgentInfo.ToProto":{"count":5583,"self":0.060686899999999995,"total":3.461242,"children":{"GenerateSensorData":{"count":5583,"self":3.4005552,"total":3.4005551,"children":null}}}}},"AgentInfo.ToProto":{"count":4016,"self":0.0375213,"total":1.6414387,"children":{"GenerateSensorData":{"count":4016,"self":1.6039173999999998,"total":1.6039173999999998,"children":null}}}},"gauges":{"AgentMap3.CumulativeReward":{"count":9599,"max":2.994,"min":-2.47001266,"runningAverage":-0.285930157,"value":0.830999851,"weightedAverage":0.254789621}},"metadata":{"timer_format_version":"0.1.0","start_time_seconds":"1744565039","unity_version":"6000.0.32f1","command_line_arguments":"C:\\Program Files\\Unity\\Hub\\Editor\\6000.0.32f1\\Editor\\Unity.exe -projectpath C:\\Users\\Buro\\DATN_MLAGENT -useHub -hubIPC -cloudEnvironment production","communication_protocol_version":"1.5.0","com.unity.ml-agents_version":"3.0.0","scene_name":"Stage3","end_time_seconds":"1744599788"}}