{"count":1,"self":359.94462719999996,"total":418.03239909999996,"children":{"InitializeActuators":{"count":3,"self":0.00099739999999999985,"total":0.00099739999999999985,"children":null},"InitializeSensors":{"count":3,"self":0,"total":0,"children":null},"AgentSendState":{"count":11174,"self":0.10507319999999999,"total":6.502339,"children":{"CollectObservations":{"count":7874,"self":1.8995731999999999,"total":1.8995733,"children":null},"WriteActionMask":{"count":7874,"self":0.031076899999999998,"total":0.031076899999999998,"children":null},"RequestDecision":{"count":7874,"self":0.1093712,"total":4.4666156,"children":{"AgentInfo.ToProto":{"count":7874,"self":0.0982483,"total":4.3572444,"children":{"GenerateSensorData":{"count":7874,"self":4.258996,"total":4.2589961,"children":null}}}}}}},"DecideAction":{"count":11174,"self":50.1625376,"total":50.1625382,"children":null},"AgentAct":{"count":11174,"self":1.3914655999999999,"total":1.4064136999999999,"children":{"AgentInfo.ToProto":{"count":25,"self":0,"total":0.014948099999999999,"children":{"GenerateSensorData":{"count":25,"self":0.014948099999999999,"total":0.014948099999999999,"children":null}}}}},"AgentInfo.ToProto":{"count":25,"self":0,"total":0.014485399999999999,"children":{"GenerateSensorData":{"count":25,"self":0.014485399999999999,"total":0.014485399999999999,"children":null}}}},"gauges":{"AgentVer5.CumulativeReward":{"count":29,"max":0.992,"min":-1.50599933,"runningAverage":-0.2955518,"value":-1.049,"weightedAverage":-0.447717041},"AgentMap2.CumulativeReward":{"count":14,"max":0.923000038,"min":-1.22900033,"runningAverage":-0.0034289842,"value":0.493002951,"weightedAverage":0.243536308},"AgentMap3.CumulativeReward":{"count":7,"max":0.909999967,"min":-1.16300011,"runningAverage":-0.241285756,"value":-1.16300011,"weightedAverage":-0.405522019}},"metadata":{"timer_format_version":"0.1.0","start_time_seconds":"1745728205","unity_version":"6000.0.32f1","command_line_arguments":"C:\\Program Files\\Unity\\Hub\\Editor\\6000.0.32f1\\Editor\\Unity.exe -projectpath C:\\Users\\Buro\\DATN_MLAGENT -useHub -hubIPC -cloudEnvironment production","communication_protocol_version":"1.5.0","com.unity.ml-agents_version":"3.0.0","scene_name":"Stage3","end_time_seconds":"1745728623"}}