{"count":1,"self":83.5294784,"total":85.5253275,"children":{"InitializeActuators":{"count":3,"self":0.0009976,"total":0.0009976,"children":null},"InitializeSensors":{"count":3,"self":0.0010295,"total":0.0010295,"children":null},"AgentSendState":{"count":2276,"self":0.025480799999999998,"total":0.3055673,"children":{"CollectObservations":{"count":1023,"self":0.2382975,"total":0.2382975,"children":null},"WriteActionMask":{"count":1023,"self":0.0064919999999999995,"total":0.0064919999999999995,"children":null},"RequestDecision":{"count":1023,"self":0.035296999999999995,"total":0.035296999999999995,"children":null}}},"DecideAction":{"count":2276,"self":1.5025461999999998,"total":1.5025461999999998,"children":null},"AgentAct":{"count":2276,"self":0.18570709999999999,"total":0.18570709999999999,"children":null}},"gauges":{"AgentVer5.CumulativeReward":{"count":9,"max":1.83800209,"min":-1.65099835,"runningAverage":0.4704449,"value":1.83800209,"weightedAverage":0.6069073},"AgentMap2.CumulativeReward":{"count":3,"max":0.8189998,"min":0.7939998,"runningAverage":0.8029998,"value":0.795999765,"weightedAverage":0.8085623}},"metadata":{"timer_format_version":"0.1.0","start_time_seconds":"1745738677","unity_version":"6000.0.32f1","command_line_arguments":"C:\\Program Files\\Unity\\Hub\\Editor\\6000.0.32f1\\Editor\\Unity.exe -projectpath C:\\Users\\Buro\\DATN_MLAGENT -useHub -hubIPC -cloudEnvironment production","communication_protocol_version":"1.5.0","com.unity.ml-agents_version":"3.0.0","scene_name":"Stage2","end_time_seconds":"1745738763"}}