{"count":1,"self":32746.238771199998,"total":34862.1781105,"children":{"InitializeActuators":{"count":4,"self":0.0010061,"total":0.0010061,"children":null},"InitializeSensors":{"count":4,"self":0,"total":0,"children":null},"AgentSendState":{"count":1472562,"self":6.5516347999999995,"total":229.709936,"children":{"CollectObservations":{"count":295984,"self":64.9315776,"total":64.93157699999999,"children":null},"WriteActionMask":{"count":295984,"self":1.0001615,"total":1.0001615,"children":null},"RequestDecision":{"count":295984,"self":3.7702663999999997,"total":157.22656279999998,"children":{"AgentInfo.ToProto":{"count":295984,"self":3.2535588,"total":153.4562962,"children":{"GenerateSensorData":{"count":295984,"self":150.2027392,"total":150.2027373,"children":null}}}}}}},"DecideAction":{"count":1472562,"self":1735.4682367999999,"total":1735.4681504999999,"children":null},"AgentAct":{"count":1472562,"self":145.658816,"total":149.12006359999998,"children":{"AgentInfo.ToProto":{"count":5583,"self":0.060686899999999995,"total":3.461242,"children":{"GenerateSensorData":{"count":5583,"self":3.4005552,"total":3.4005551,"children":null}}}}},"AgentInfo.ToProto":{"count":4016,"self":0.0375213,"total":1.6414387,"children":{"GenerateSensorData":{"count":4016,"self":1.6039173999999998,"total":1.6039173999999998,"children":null}}}},"gauges":{"AgentMap3.CumulativeReward":{"count":9599,"max":2.994,"min":-2.47001266,"runningAverage":-0.285930157,"value":0.830999851,"weightedAverage":0.254789621}},"metadata":{"timer_format_version":"0.1.0","start_time_seconds":"1744565039","unity_version":"6000.0.32f1","command_line_arguments":"C:\\Program Files\\Unity\\Hub\\Editor\\6000.0.32f1\\Editor\\Unity.exe -projectpath C:\\Users\\Buro\\DATN_MLAGENT -useHub -hubIPC -cloudEnvironment production","communication_protocol_version":"1.5.0","com.unity.ml-agents_version":"3.0.0","scene_name":"Stage2","end_time_seconds":"1744599901"}}